what,kind,bundleId,bundleVersion,description,time
java.vm.version,sysinfo,,,"1.6.0-b105",1383617683961
started,bundle,org.eclipse.epp.usagedata.ui,1.3.1.R201106061540,"org.eclipse.epp.usagedata.ui",1383617685115
deactivated,workbench,org.eclipse.ui.workbench,3.7.0.I20110519-0100,"",1383617686298
opened,view,org.eclipse.ui.ide,3.7.0.v20110809-1737,"org.eclipse.ui.views.ProblemView",1383617687890
activated,workbench,org.eclipse.ui.workbench,3.7.0.I20110519-0100,"",1383617773022
deactivated,workbench,org.eclipse.ui.workbench,3.7.0.I20110519-0100,"",1383617948985
activated,workbench,org.eclipse.ui.workbench,3.7.0.I20110519-0100,"",1383618086997
started,bundle,org.eclipse.ltk.core.refactoring,3.5.201.r371_v20110824-0800,"org.eclipse.ltk.core.refactoring",1383618098704
started,bundle,org.eclipse.ltk.ui.refactoring,3.6.0.v20110505-0800,"org.eclipse.ltk.ui.refactoring",1383618104637
started,bundle,org.eclipse.compare.core,3.5.200.I20110208-0800,"org.eclipse.compare.core",1383618104774
opened,editor,org.eclipse.jdt.ui,3.7.1.r371_v20110824-0800,"org.eclipse.jdt.ui.CompilationUnitEditor",1383618104863
activated,editor,org.eclipse.jdt.ui,3.7.1.r371_v20110824-0800,"org.eclipse.jdt.ui.CompilationUnitEditor",1383618104909
started,bundle,org.eclipse.jdt.junit,3.7.0.v20110505-0800,"org.eclipse.jdt.junit",1383618105013
started,bundle,org.eclipse.jdt.apt.core,3.3.500.v20110420-1015,"org.eclipse.jdt.apt.core",1383618105851
started,bundle,org.eclipse.jdt.apt.pluggable.core,1.0.400.v20110305-1450,"org.eclipse.jdt.apt.pluggable.core",1383618105859
started,bundle,org.eclipse.core.variables,3.2.500.v20110511,"org.eclipse.core.variables",1383618106114
started,bundle,org.eclipse.mylyn.java.tasks,3.6.0.v20110608-1400,"org.eclipse.mylyn.java.tasks",1383618126465
opened,editor,org.eclipse.jdt.ui,3.7.1.r371_v20110824-0800,"org.eclipse.jdt.ui.ClassFileEditor",1383618127260
activated,editor,org.eclipse.jdt.ui,3.7.1.r371_v20110824-0800,"org.eclipse.jdt.ui.ClassFileEditor",1383618127318
deactivated,workbench,org.eclipse.ui.workbench,3.7.0.I20110519-0100,"",1383618128919
executed,command,org.eclipse.jdt.ui,3.7.1.r371_v20110824-0800,"org.eclipse.jdt.ui.edit.text.java.show.outline",1383618128967
activated,workbench,org.eclipse.ui.workbench,3.7.0.I20110519-0100,"",1383618142563
deactivated,workbench,org.eclipse.ui.workbench,3.7.0.I20110519-0100,"",1383618143695
activated,workbench,org.eclipse.ui.workbench,3.7.0.I20110519-0100,"",1383618181313
activated,editor,org.eclipse.jdt.ui,3.7.1.r371_v20110824-0800,"org.eclipse.jdt.ui.CompilationUnitEditor",1383618183302
closed,editor,org.eclipse.jdt.ui,3.7.1.r371_v20110824-0800,"org.eclipse.jdt.ui.ClassFileEditor",1383618183304
started,bundle,org.eclipse.debug.ui,3.7.101.v20110817_r371,"org.eclipse.debug.ui",1383618212533
started,bundle,org.eclipse.wst.server.core,1.1.303.v20110816_1717,"org.eclipse.wst.server.core",1383618214375
started,bundle,org.eclipse.wst.server.ui,1.1.306.v20110823_1704,"org.eclipse.wst.server.ui",1383618214390
started,bundle,org.eclipse.jdt.debug,3.7.1.v20110802_r371,"org.eclipse.jdt.debug",1383618214430
started,bundle,org.eclipse.jdt.debug.ui,3.6.1.v20110803_r371,"org.eclipse.jdt.debug.ui",1383618214488
started,bundle,org.eclipse.wst.common.frameworks,1.2.101.v201107192200,"org.eclipse.wst.common.frameworks",1383618215374
started,bundle,org.eclipse.wst.common.emf,1.2.100.v201101101900,"org.eclipse.wst.common.emf",1383618215380
started,bundle,org.eclipse.jem.util,2.1.100.v201103021400,"org.eclipse.jem.util",1383618215428
started,bundle,org.eclipse.wst.common.emfworkbench.integration,1.2.101.v201107140600,"org.eclipse.wst.common.emfworkbench.integration",1383618215508
started,bundle,org.eclipse.wst.common.core,1.2.0.v200908252030,"org.eclipse.wst.common.core",1383618215509
started,bundle,org.eclipse.wst.common.modulecore,1.2.101.v201108231700,"org.eclipse.wst.common.modulecore",1383618215511
executed,command,org.eclipse.jdt.ui,3.7.1.r371_v20110824-0800,"org.eclipse.jdt.ui.edit.text.java.toggle.comment",1383618217842
executed,command,org.eclipse.ui,3.7.0.I20110602-0100,"org.eclipse.ui.file.save",1383618219017
activated,view,org.eclipse.jdt.ui,3.7.1.r371_v20110824-0800,"org.eclipse.jdt.ui.PackageExplorer",1383618222118
opened,editor,org.eclipse.jdt.ui,3.7.1.r371_v20110824-0800,"org.eclipse.jdt.ui.CompilationUnitEditor",1383618222331
activated,editor,org.eclipse.jdt.ui,3.7.1.r371_v20110824-0800,"org.eclipse.jdt.ui.CompilationUnitEditor",1383618222369
activated,view,org.eclipse.ui.console,3.5.100.v20110511,"org.eclipse.ui.console.ConsoleView",1383618225758
activated,editor,org.eclipse.jdt.ui,3.7.1.r371_v20110824-0800,"org.eclipse.jdt.ui.CompilationUnitEditor",1383618226508
activated,view,org.eclipse.jdt.ui,3.7.1.r371_v20110824-0800,"org.eclipse.jdt.ui.PackageExplorer",1383618235955
started,bundle,org.eclipse.wst.xml.ui,1.1.201.v201108151912,"org.eclipse.wst.xml.ui",1383618236092
started,bundle,org.eclipse.wst.sse.ui,1.3.1.v201108191312,"org.eclipse.wst.sse.ui",1383618236100
started,bundle,org.eclipse.wst.sse.core,1.1.601.v201108151912,"org.eclipse.wst.sse.core",1383618236176
started,bundle,org.eclipse.wst.xml.core,1.1.601.v201108302147,"org.eclipse.wst.xml.core",1383618236212
started,bundle,org.eclipse.wst.common.uriresolver,1.1.401.v201004280700,"org.eclipse.wst.common.uriresolver",1383618236661
started,bundle,org.eclipse.wst.xsl.core,1.1.100.v201102270516,"org.eclipse.wst.xsl.core",1383618236812
started,bundle,org.eclipse.wst.xsl.exslt.core,1.0.0.v201005240426,"org.eclipse.wst.xsl.exslt.core",1383618236817
started,bundle,org.eclipse.wst.validation,1.2.302.v201107140600,"org.eclipse.wst.validation",1383618236971
started,bundle,org.eclipse.wst.dtd.ui,1.0.600.v201103171359,"org.eclipse.wst.dtd.ui",1383618237057
started,bundle,org.eclipse.wst.xsd.core,1.1.600.v201104070312,"org.eclipse.wst.xsd.core",1383618237085
started,bundle,org.eclipse.xsd,2.7.0.v20110606-0949,"org.eclipse.xsd",1383618237101
started,bundle,org.eclipse.wst.xsl.ui,1.1.200.v201103082057,"org.eclipse.wst.xsl.ui",1383618237113
opened,editor,org.eclipse.wst.xml.ui,1.1.201.v201108151912,"org.eclipse.wst.xml.ui.internal.tabletree.XMLMultiPageEditorPart",1383618237502
started,bundle,org.eclipse.wst.internet.cache,1.0.400.v201004280700,"org.eclipse.wst.internet.cache",1383618237550
activated,editor,org.eclipse.wst.xml.ui,1.1.201.v201108151912,"org.eclipse.wst.xml.ui.internal.tabletree.XMLMultiPageEditorPart",1383618237652
started,bundle,org.eclipse.jst.j2ee.core,1.2.101.v201108110300,"org.eclipse.jst.j2ee.core",1383618238614
started,bundle,org.eclipse.jem,2.0.500.v201104271400,"org.eclipse.jem",1383618238625
started,bundle,org.eclipse.wst.common.frameworks.ui,1.2.100.v201105122000,"org.eclipse.wst.common.frameworks.ui",1383618238645
started,bundle,org.eclipse.jst.j2ee,1.1.501.v201108231845,"org.eclipse.jst.j2ee",1383618238665
started,bundle,org.eclipse.jem.workbench,2.0.400.v201104251400,"org.eclipse.jem.workbench",1383618238682
activated,editor,org.eclipse.jdt.ui,3.7.1.r371_v20110824-0800,"org.eclipse.jdt.ui.CompilationUnitEditor",1383618247850
activated,editor,org.eclipse.wst.xml.ui,1.1.201.v201108151912,"org.eclipse.wst.xml.ui.internal.tabletree.XMLMultiPageEditorPart",1383618249113
activated,editor,org.eclipse.jdt.ui,3.7.1.r371_v20110824-0800,"org.eclipse.jdt.ui.CompilationUnitEditor",1383618252734
activated,view,org.eclipse.ui.console,3.5.100.v20110511,"org.eclipse.ui.console.ConsoleView",1383618261986
activated,editor,org.eclipse.jdt.ui,3.7.1.r371_v20110824-0800,"org.eclipse.jdt.ui.CompilationUnitEditor",1383618276464
activated,view,org.eclipse.jdt.ui,3.7.1.r371_v20110824-0800,"org.eclipse.jdt.ui.PackageExplorer",1383618292686
opened,editor,org.eclipse.jdt.ui,3.7.1.r371_v20110824-0800,"org.eclipse.jdt.ui.CompilationUnitEditor",1383618292919
activated,editor,org.eclipse.jdt.ui,3.7.1.r371_v20110824-0800,"org.eclipse.jdt.ui.CompilationUnitEditor",1383618292955
executed,command,org.eclipse.jdt.ui,3.7.1.r371_v20110824-0800,"org.eclipse.jdt.ui.edit.text.java.toggle.comment",1383618296566
executed,command,org.eclipse.ui,3.7.0.I20110602-0100,"org.eclipse.ui.file.save",1383618297204
activated,view,org.eclipse.ui.console,3.5.100.v20110511,"org.eclipse.ui.console.ConsoleView",1383618314476
activated,editor,org.eclipse.jdt.ui,3.7.1.r371_v20110824-0800,"org.eclipse.jdt.ui.CompilationUnitEditor",1383618316926
activated,view,org.eclipse.ui.console,3.5.100.v20110511,"org.eclipse.ui.console.ConsoleView",1383618345037
closed,editor,org.eclipse.jdt.ui,3.7.1.r371_v20110824-0800,"org.eclipse.jdt.ui.CompilationUnitEditor",1383618345041
closed,editor,org.eclipse.jdt.ui,3.7.1.r371_v20110824-0800,"org.eclipse.jdt.ui.CompilationUnitEditor",1383618345055
closed,editor,org.eclipse.wst.xml.ui,1.1.201.v201108151912,"org.eclipse.wst.xml.ui.internal.tabletree.XMLMultiPageEditorPart",1383618345063
closed,editor,org.eclipse.jdt.ui,3.7.1.r371_v20110824-0800,"org.eclipse.jdt.ui.CompilationUnitEditor",1383618345076
executed,command,org.eclipse.ui,3.7.0.I20110602-0100,"org.eclipse.ui.file.closeAll",1383618345096
deactivated,workbench,org.eclipse.ui.workbench,3.7.0.I20110519-0100,"",1383618347152
activated,workbench,org.eclipse.ui.workbench,3.7.0.I20110519-0100,"",1383618387829
activated,view,org.eclipse.jdt.ui,3.7.1.r371_v20110824-0800,"org.eclipse.jdt.ui.PackageExplorer",1383618390758
opened,editor,org.eclipse.jdt.ui,3.7.1.r371_v20110824-0800,"org.eclipse.jdt.ui.CompilationUnitEditor",1383618391003
activated,editor,org.eclipse.jdt.ui,3.7.1.r371_v20110824-0800,"org.eclipse.jdt.ui.CompilationUnitEditor",1383618391049
executed,command,org.eclipse.jdt.ui,3.7.1.r371_v20110824-0800,"org.eclipse.jdt.ui.edit.text.java.toggle.comment",1383618393678
executed,command,org.eclipse.ui,3.7.0.I20110602-0100,"org.eclipse.ui.file.save",1383618394099
started,bundle,org.eclipse.wst.jsdt.debug.rhino.ui,1.0.0.v201103232243,"org.eclipse.wst.jsdt.debug.rhino.ui",1383618395322
started,bundle,org.eclipse.wst.jsdt.core,1.1.101.v201108151912,"org.eclipse.wst.jsdt.core",1383618395821
executed,command,org.eclipse.jdt.ui,3.7.1.r371_v20110824-0800,"org.eclipse.jdt.ui.edit.text.java.toggle.comment",1383618405258
executed,command,org.eclipse.ui,3.7.0.I20110602-0100,"org.eclipse.ui.file.save",1383618405775
activated,view,org.eclipse.ui.console,3.5.100.v20110511,"org.eclipse.ui.console.ConsoleView",1383618408325
activated,editor,org.eclipse.jdt.ui,3.7.1.r371_v20110824-0800,"org.eclipse.jdt.ui.CompilationUnitEditor",1383618411277
executed,command,org.eclipse.jdt.ui,3.7.1.r371_v20110824-0800,"org.eclipse.jdt.ui.edit.text.java.toggle.comment",1383618412117
executed,command,org.eclipse.ui,3.7.0.I20110602-0100,"org.eclipse.ui.file.save",1383618412660
activated,view,org.eclipse.ui.console,3.5.100.v20110511,"org.eclipse.ui.console.ConsoleView",1383618414822
activated,editor,org.eclipse.jdt.ui,3.7.1.r371_v20110824-0800,"org.eclipse.jdt.ui.CompilationUnitEditor",1383618417203
activated,view,org.eclipse.jdt.ui,3.7.1.r371_v20110824-0800,"org.eclipse.jdt.ui.PackageExplorer",1383618420317
opened,editor,org.eclipse.jdt.ui,3.7.1.r371_v20110824-0800,"org.eclipse.jdt.ui.CompilationUnitEditor",1383618420557
activated,editor,org.eclipse.jdt.ui,3.7.1.r371_v20110824-0800,"org.eclipse.jdt.ui.CompilationUnitEditor",1383618420592
executed,command,org.eclipse.jdt.ui,3.7.1.r371_v20110824-0800,"org.eclipse.jdt.ui.edit.text.java.toggle.comment",1383618424235
executed,command,org.eclipse.ui,3.7.0.I20110602-0100,"org.eclipse.ui.file.save",1383618427999
activated,view,org.eclipse.ui.console,3.5.100.v20110511,"org.eclipse.ui.console.ConsoleView",1383618430478
activated,editor,org.eclipse.jdt.ui,3.7.1.r371_v20110824-0800,"org.eclipse.jdt.ui.CompilationUnitEditor",1383618440159
activated,editor,org.eclipse.jdt.ui,3.7.1.r371_v20110824-0800,"org.eclipse.jdt.ui.CompilationUnitEditor",1383618489065
deactivated,workbench,org.eclipse.ui.workbench,3.7.0.I20110519-0100,"",1383618493559
activated,workbench,org.eclipse.ui.workbench,3.7.0.I20110519-0100,"",1383618563807
activated,view,org.eclipse.ui.console,3.5.100.v20110511,"org.eclipse.ui.console.ConsoleView",1383618564554
activated,editor,org.eclipse.jdt.ui,3.7.1.r371_v20110824-0800,"org.eclipse.jdt.ui.CompilationUnitEditor",1383618564981
activated,view,org.eclipse.jdt.ui,3.7.1.r371_v20110824-0800,"org.eclipse.jdt.ui.PackageExplorer",1383618566477
opened,editor,org.eclipse.jdt.ui,3.7.1.r371_v20110824-0800,"org.eclipse.jdt.ui.CompilationUnitEditor",1383618566727
activated,editor,org.eclipse.jdt.ui,3.7.1.r371_v20110824-0800,"org.eclipse.jdt.ui.CompilationUnitEditor",1383618566762
activated,editor,org.eclipse.jdt.ui,3.7.1.r371_v20110824-0800,"org.eclipse.jdt.ui.CompilationUnitEditor",1383618579061
deactivated,workbench,org.eclipse.ui.workbench,3.7.0.I20110519-0100,"",1383618592184
activated,workbench,org.eclipse.ui.workbench,3.7.0.I20110519-0100,"",1383619051675
executed,command,org.eclipse.ui,3.7.0.I20110602-0100,"org.eclipse.ui.window.maximizePart",1383619054296
activated,view,org.eclipse.jdt.ui,3.7.1.r371_v20110824-0800,"org.eclipse.jdt.ui.PackageExplorer",1383619057242
closed,editor,org.eclipse.jdt.ui,3.7.1.r371_v20110824-0800,"org.eclipse.jdt.ui.CompilationUnitEditor",1383619057242
closed,editor,org.eclipse.jdt.ui,3.7.1.r371_v20110824-0800,"org.eclipse.jdt.ui.CompilationUnitEditor",1383619057252
closed,editor,org.eclipse.jdt.ui,3.7.1.r371_v20110824-0800,"org.eclipse.jdt.ui.CompilationUnitEditor",1383619057259
executed,command,org.eclipse.ui,3.7.0.I20110602-0100,"org.eclipse.ui.file.closeAll",1383619057269
activated,view,org.eclipse.ui.console,3.5.100.v20110511,"org.eclipse.ui.console.ConsoleView",1383619058420
activated,view,org.eclipse.jdt.ui,3.7.1.r371_v20110824-0800,"org.eclipse.jdt.ui.PackageExplorer",1383619063015
deactivated,workbench,org.eclipse.ui.workbench,3.7.0.I20110519-0100,"",1383619064639
activated,workbench,org.eclipse.ui.workbench,3.7.0.I20110519-0100,"",1383619069846
deactivated,workbench,org.eclipse.ui.workbench,3.7.0.I20110519-0100,"",1383619631882
deactivated,workbench,org.eclipse.ui.workbench,3.7.0.I20110519-0100,"",1383693136152
activated,workbench,org.eclipse.ui.workbench,3.7.0.I20110519-0100,"",1383695590549
opened,editor,org.eclipse.jdt.ui,3.7.1.r371_v20110824-0800,"org.eclipse.jdt.ui.CompilationUnitEditor",1383695597052
activated,editor,org.eclipse.jdt.ui,3.7.1.r371_v20110824-0800,"org.eclipse.jdt.ui.CompilationUnitEditor",1383695597103
deactivated,workbench,org.eclipse.ui.workbench,3.7.0.I20110519-0100,"",1383695606474
activated,workbench,org.eclipse.ui.workbench,3.7.0.I20110519-0100,"",1383695607130
deactivated,workbench,org.eclipse.ui.workbench,3.7.0.I20110519-0100,"",1383695607616
activated,workbench,org.eclipse.ui.workbench,3.7.0.I20110519-0100,"",1383695608856
deactivated,workbench,org.eclipse.ui.workbench,3.7.0.I20110519-0100,"",1383695610426
activated,workbench,org.eclipse.ui.workbench,3.7.0.I20110519-0100,"",1383695671096
executed,command,org.eclipse.ui.workbench.texteditor,3.7.0.v20110505-0800,"org.eclipse.ui.edit.text.goto.wordNext",1383695770619
executed,command,org.eclipse.ui.workbench.texteditor,3.7.0.v20110505-0800,"org.eclipse.ui.edit.text.goto.wordNext",1383695770888
executed,command,org.eclipse.ui.workbench.texteditor,3.7.0.v20110505-0800,"org.eclipse.ui.edit.text.select.wordNext",1383695771308
executed,command,org.eclipse.ui,3.7.0.I20110602-0100,"org.eclipse.ui.file.save",1383695824821
executed,command,org.eclipse.ui.workbench.texteditor,3.7.0.v20110505-0800,"org.eclipse.ui.edit.text.goto.lineStart",1383695825450
executed,command,org.eclipse.ui.workbench.texteditor,3.7.0.v20110505-0800,"org.eclipse.ui.edit.text.goto.lineStart",1383695825656
executed,command,org.eclipse.ui.workbench.texteditor,3.7.0.v20110505-0800,"org.eclipse.ui.edit.text.goto.lineStart",1383695825806
executed,command,org.eclipse.jdt.ui,3.7.1.r371_v20110824-0800,"org.eclipse.jdt.ui.edit.text.java.format",1383695827759
executed,command,org.eclipse.ui,3.7.0.I20110602-0100,"org.eclipse.ui.file.save",1383695828726
activated,view,org.eclipse.jdt.ui,3.7.1.r371_v20110824-0800,"org.eclipse.jdt.ui.PackageExplorer",1383695832028
opened,editor,org.eclipse.jdt.ui,3.7.1.r371_v20110824-0800,"org.eclipse.jdt.ui.CompilationUnitEditor",1383695835372
activated,editor,org.eclipse.jdt.ui,3.7.1.r371_v20110824-0800,"org.eclipse.jdt.ui.CompilationUnitEditor",1383695835405
activated,editor,org.eclipse.jdt.ui,3.7.1.r371_v20110824-0800,"org.eclipse.jdt.ui.CompilationUnitEditor",1383695840817
activated,editor,org.eclipse.jdt.ui,3.7.1.r371_v20110824-0800,"org.eclipse.jdt.ui.CompilationUnitEditor",1383695843131
deactivated,workbench,org.eclipse.ui.workbench,3.7.0.I20110519-0100,"",1383695845857
activated,workbench,org.eclipse.ui.workbench,3.7.0.I20110519-0100,"",1383695861059
activated,editor,org.eclipse.jdt.ui,3.7.1.r371_v20110824-0800,"org.eclipse.jdt.ui.CompilationUnitEditor",1383695864054
deactivated,workbench,org.eclipse.ui.workbench,3.7.0.I20110519-0100,"",1383695882633
activated,workbench,org.eclipse.ui.workbench,3.7.0.I20110519-0100,"",1383695882747
opened,view,org.eclipse.ui.ide,3.7.0.v20110809-1737,"org.eclipse.ui.views.ResourceNavigator",1383695905887
activated,view,org.eclipse.ui.ide,3.7.0.v20110809-1737,"org.eclipse.ui.views.ResourceNavigator",1383695905932
executed,command,org.eclipse.ui,3.7.0.I20110602-0100,"org.eclipse.ui.views.showView",1383695905933
deactivated,workbench,org.eclipse.ui.workbench,3.7.0.I20110519-0100,"",1383695914985
activated,workbench,org.eclipse.ui.workbench,3.7.0.I20110519-0100,"",1383695917871
started,bundle,org.eclipse.compare,3.5.201.R37x_v20110817-0800,"org.eclipse.compare",1383695919070
started,bundle,org.eclipse.jpt.common.core,1.0.1.v201108080010,"org.eclipse.jpt.common.core",1383695919130
started,bundle,org.eclipse.jpt.jpa.core,3.0.1.v201109073010,"org.eclipse.jpt.jpa.core",1383695919131
deactivated,workbench,org.eclipse.ui.workbench,3.7.0.I20110519-0100,"",1383695920593
executed,command,org.eclipse.ui,3.7.0.I20110602-0100,"org.eclipse.ui.edit.copy",1383695925557
activated,workbench,org.eclipse.ui.workbench,3.7.0.I20110519-0100,"",1383695926182
activated,editor,org.eclipse.jdt.ui,3.7.1.r371_v20110824-0800,"org.eclipse.jdt.ui.CompilationUnitEditor",1383695926666
deactivated,workbench,org.eclipse.ui.workbench,3.7.0.I20110519-0100,"",1383695927879
activated,workbench,org.eclipse.ui.workbench,3.7.0.I20110519-0100,"",1383695947693
deactivated,workbench,org.eclipse.ui.workbench,3.7.0.I20110519-0100,"",1383695953899
activated,workbench,org.eclipse.ui.workbench,3.7.0.I20110519-0100,"",1383695985805
deactivated,workbench,org.eclipse.ui.workbench,3.7.0.I20110519-0100,"",1383695992163
activated,workbench,org.eclipse.ui.workbench,3.7.0.I20110519-0100,"",1383696008348
activated,view,org.eclipse.jdt.ui,3.7.1.r371_v20110824-0800,"org.eclipse.jdt.ui.PackageExplorer",1383696029800
deactivated,workbench,org.eclipse.ui.workbench,3.7.0.I20110519-0100,"",1383696034575
activated,workbench,org.eclipse.ui.workbench,3.7.0.I20110519-0100,"",1383696044327
executed,command,org.eclipse.ui,3.7.0.I20110602-0100,"org.eclipse.ui.file.export",1383696044360
executed,command,org.eclipse.ui,3.7.0.I20110602-0100,"org.eclipse.ui.file.export",1383696044360
started,bundle,org.eclipse.wst.ws.service.policy.ui,1.0.300.v201108240515,"org.eclipse.wst.ws.service.policy.ui",1383696045552
started,bundle,org.eclipse.wst.ws.service.policy,1.0.303.v201009221810,"org.eclipse.wst.ws.service.policy",1383696045555
started,bundle,org.eclipse.wst.command.env,1.0.409.v201004211805,"org.eclipse.wst.command.env",1383696045581
started,bundle,org.eclipse.wst.ws,1.1.203.v201004211805,"org.eclipse.wst.ws",1383696045582
deactivated,workbench,org.eclipse.ui.workbench,3.7.0.I20110519-0100,"",1383696079924
activated,workbench,org.eclipse.ui.workbench,3.7.0.I20110519-0100,"",1383696118894
executed,command,org.eclipse.ui,3.7.0.I20110602-0100,"org.eclipse.ui.file.export",1383696118942
executed,command,org.eclipse.ui,3.7.0.I20110602-0100,"org.eclipse.ui.file.export",1383696118942
activated,view,org.eclipse.ui.console,3.5.100.v20110511,"org.eclipse.ui.console.ConsoleView",1383696121787
deactivated,workbench,org.eclipse.ui.workbench,3.7.0.I20110519-0100,"",1383696127408
activated,workbench,org.eclipse.ui.workbench,3.7.0.I20110519-0100,"",1383696136054
activated,view,org.eclipse.jdt.ui,3.7.1.r371_v20110824-0800,"org.eclipse.jdt.ui.PackageExplorer",1383696137316
deactivated,workbench,org.eclipse.ui.workbench,3.7.0.I20110519-0100,"",1383696138916
activated,workbench,org.eclipse.ui.workbench,3.7.0.I20110519-0100,"",1383696155308
executed,command,org.eclipse.ui,3.7.0.I20110602-0100,"org.eclipse.ui.file.export",1383696155367
executed,command,org.eclipse.ui,3.7.0.I20110602-0100,"org.eclipse.ui.file.export",1383696155367
activated,view,org.eclipse.ui.console,3.5.100.v20110511,"org.eclipse.ui.console.ConsoleView",1383696156700
deactivated,workbench,org.eclipse.ui.workbench,3.7.0.I20110519-0100,"",1383696165811
activated,workbench,org.eclipse.ui.workbench,3.7.0.I20110519-0100,"",1383696236447
activated,editor,org.eclipse.jdt.ui,3.7.1.r371_v20110824-0800,"org.eclipse.jdt.ui.CompilationUnitEditor",1383696238352
executed,command,org.eclipse.ui,3.7.0.I20110602-0100,"org.eclipse.ui.edit.undo",1383696256551
executed,command,org.eclipse.ui,3.7.0.I20110602-0100,"org.eclipse.ui.edit.undo",1383696256840
executed,command,org.eclipse.ui,3.7.0.I20110602-0100,"org.eclipse.ui.edit.undo",1383696257220
opened,editor,org.eclipse.jdt.ui,3.7.1.r371_v20110824-0800,"org.eclipse.jdt.ui.ClassFileEditor",1383696261314
activated,editor,org.eclipse.jdt.ui,3.7.1.r371_v20110824-0800,"org.eclipse.jdt.ui.ClassFileEditor",1383696261339
deactivated,workbench,org.eclipse.ui.workbench,3.7.0.I20110519-0100,"",1383696266209
activated,workbench,org.eclipse.ui.workbench,3.7.0.I20110519-0100,"",1383696269612
deactivated,workbench,org.eclipse.ui.workbench,3.7.0.I20110519-0100,"",1383696283905
activated,workbench,org.eclipse.ui.workbench,3.7.0.I20110519-0100,"",1383696295194
executed,command,org.eclipse.ui.workbench.texteditor,3.7.0.v20110505-0800,"org.eclipse.ui.edit.text.goto.textEnd",1383696300899
activated,editor,org.eclipse.jdt.ui,3.7.1.r371_v20110824-0800,"org.eclipse.jdt.ui.CompilationUnitEditor",1383696386581
activated,view,org.eclipse.ui.console,3.5.100.v20110511,"org.eclipse.ui.console.ConsoleView",1383696431886
closed,editor,org.eclipse.jdt.ui,3.7.1.r371_v20110824-0800,"org.eclipse.jdt.ui.CompilationUnitEditor",1383696431888
closed,editor,org.eclipse.jdt.ui,3.7.1.r371_v20110824-0800,"org.eclipse.jdt.ui.CompilationUnitEditor",1383696431907
closed,editor,org.eclipse.jdt.ui,3.7.1.r371_v20110824-0800,"org.eclipse.jdt.ui.ClassFileEditor",1383696431930
executed,command,org.eclipse.ui,3.7.0.I20110602-0100,"org.eclipse.ui.file.closeAll",1383696431959
activated,view,org.eclipse.jdt.ui,3.7.1.r371_v20110824-0800,"org.eclipse.jdt.ui.PackageExplorer",1383696433200
deactivated,workbench,org.eclipse.ui.workbench,3.7.0.I20110519-0100,"",1383696434963
activated,workbench,org.eclipse.ui.workbench,3.7.0.I20110519-0100,"",1383696578890
deactivated,workbench,org.eclipse.ui.workbench,3.7.0.I20110519-0100,"",1383696587125
started,bundle,org.eclipse.wst.common.project.facet.ui,1.4.200.v201103311536,"org.eclipse.wst.common.project.facet.ui",1383696591401
started,bundle,org.eclipse.wst.web.ui,1.1.400.v201004141630,"org.eclipse.wst.web.ui",1383696591401
started,bundle,org.eclipse.jst.servlet.ui,1.1.501.v201108220630,"org.eclipse.jst.servlet.ui",1383696591402
started,bundle,org.eclipse.jst.j2ee.web,1.1.501.v201108231500,"org.eclipse.jst.j2ee.web",1383696591548
started,bundle,org.eclipse.jst.common.frameworks,1.1.500.v201104081500,"org.eclipse.jst.common.frameworks",1383696591613
started,bundle,org.eclipse.jst.j2ee.ui,1.1.501.v201108231700,"org.eclipse.jst.j2ee.ui",1383696591790
started,bundle,org.eclipse.jst.common.project.facet.ui,1.4.200.v201008182133,"org.eclipse.jst.common.project.facet.ui",1383696592396
started,bundle,org.eclipse.wst.dtd.core,1.1.501.v201107252021,"org.eclipse.wst.dtd.core",1383696606079
started,bundle,org.eclipse.wst.html.ui,1.0.601.v201108152113,"org.eclipse.wst.html.ui",1383696606082
started,bundle,org.eclipse.jst.jee,1.0.401.v201105122000,"org.eclipse.jst.jee",1383696606094
started,bundle,org.eclipse.jst.jsf.common,1.2.3.v201104061039,"org.eclipse.jst.jsf.common",1383696606109
started,bundle,org.eclipse.jst.server.core,1.2.202.v20110419,"org.eclipse.jst.server.core",1383696606110
started,bundle,org.eclipse.jst.jsf.core,1.3.105.v201108261005,"org.eclipse.jst.jsf.core",1383696606116
started,bundle,org.eclipse.jst.jsp.core,1.2.401.v201108302147,"org.eclipse.jst.jsp.core",1383696606144
started,bundle,org.eclipse.wst.wsdl.validation,1.1.502.v201104071820,"org.eclipse.wst.wsdl.validation",1383696606190
started,bundle,org.eclipse.pde.core,3.7.1.v20110822-2108,"org.eclipse.pde.core",1383696606237
activated,workbench,org.eclipse.ui.workbench,3.7.0.I20110519-0100,"",1383696606867
started,bundle,org.eclipse.ui.navigator,3.5.100.v20110809-2227,"org.eclipse.ui.navigator",1383696607474
started,bundle,org.eclipse.ui.navigator.resources,3.4.300.I20110421-1800,"org.eclipse.ui.navigator.resources",1383696607476
started,bundle,org.eclipse.emf.edit,2.7.1.v20110913-1526,"org.eclipse.emf.edit",1383696607720
started,bundle,org.eclipse.emf.common.ui,2.7.0.v20110913-1156,"org.eclipse.emf.common.ui",1383696607738
started,bundle,org.eclipse.emf.edit.ui,2.7.0.v20110913-1156,"org.eclipse.emf.edit.ui",1383696607741
started,bundle,org.eclipse.jst.j2ee.webservice.ui,1.1.500.v201105122000,"org.eclipse.jst.j2ee.webservice.ui",1383696607743
started,bundle,org.eclipse.jst.j2ee.webservice,1.1.400.v201004110600,"org.eclipse.jst.j2ee.webservice",1383696607774
started,bundle,org.eclipse.jst.jee.ui,1.0.400.v201105122000,"org.eclipse.jst.jee.ui",1383696607911
started,bundle,org.eclipse.jst.j2ee.navigator.ui,1.1.501.v201107261503,"org.eclipse.jst.j2ee.navigator.ui",1383696607948
started,bundle,org.eclipse.wst.common.ui,1.1.500.v200911190730,"org.eclipse.wst.common.ui",1383696608744
started,bundle,org.eclipse.wst.jsdt.manipulation,1.0.300.v201104272153,"org.eclipse.wst.jsdt.manipulation",1383696608822
started,bundle,org.eclipse.wst.jsdt.ui,1.1.101.v201108151912,"org.eclipse.wst.jsdt.ui",1383696608854
